placa,total_infracciones,infracciones_graves,infracciones_leves,velocidad_promedio,tasa_infracciones_mes,hora_promedio,es_reincidente
ABC-123,2,1,1,50.0,30.0,4.0,0
XYZ-789,5,2,3,78.0,10.714285714285715,4.0,1
DEF-456,6,3,3,84.0,7.826086956521739,4.0,1
GHI-321,4,2,2,63.0,4.8,4.0,1
JKL-654,3,2,1,83.5,6.0,4.0,0
SYN-0000,4,0,4,93.68819223261087,0.041598615998277244,17.069738916611634,0
SYN-0001,3,0,3,73.62943407349051,1.1310741335606733,6.346879021368808,0
SYN-0002,2,0,2,59.449842974388886,3.075872022061824,5.441517375695042,0
SYN-0003,3,1,2,60.996192248411326,0.20555463000501248,17.789759284186555,1
SYN-0004,2,1,1,82.33817368154783,0.7470931633152473,9.116625400115911,0
SYN-0005,4,3,1,73.27957474080793,5.09887075853881,17.527044155794442,1
SYN-0006,1,0,1,54.86371985702338,0.6331208864176514,7.66682314585245,0
SYN-0007,3,0,3,78.73184192069559,2.611325817575998,17.55099383837343,0
SYN-0008,2,0,2,74.96895147105346,0.803637602502602,17.902180508489437,0
SYN-0009,1,0,1,82.18788733591298,4.3645038248030295,19.42496011428329,0
SYN-0010,2,1,1,92.43151379325211,1.3616294630205559,15.352725007973278,0
SYN-0011,2,0,2,71.30570602357257,0.7547934175901997,12.80397059813653,0
SYN-0012,3,1,2,57.87259595660218,5.3099001717612495,11.992971825661854,1
SYN-0013,6,3,3,65.36067180333134,0.23318432024770167,16.6925020110959,1
SYN-0014,4,1,3,48.769438869243785,0.2553607830912936,12.317418708938565,1
SYN-0015,4,1,3,69.7217379323254,0.7158609201580935,7.305981512039107,1
SYN-0016,1,0,1,60.11226546345283,0.6532518420207387,14.015749217725611,0
SYN-0017,2,0,2,87.14234221772531,0.5426663446716116,17.007732130747097,0
SYN-0018,5,2,3,55.14195512303968,0.0832595195886904,11.734809081588912,1
SYN-0019,2,1,1,79.73630098943659,0.3832084450782675,9.108505853298773,0
SYN-0020,3,0,3,64.64882461347709,2.157525478087829,16.22448719413586,0
SYN-0021,4,2,2,73.89824191372635,0.8280930196226478,17.12729148710924,1
SYN-0022,6,1,5,73.39432404248312,0.01847921122198882,17.389605730306556,1
SYN-0023,2,0,2,97.98661766717134,2.1108829642704974,15.89533168364715,0
SYN-0024,2,0,2,81.5496603989619,3.783912154926802,19.07355808961561,0
SYN-0025,2,0,2,56.65728355561715,7.2246188123258515,10.736758860138247,1
SYN-0026,6,1,5,55.5547656090081,0.04923296216137723,17.90872000325229,1
SYN-0027,5,0,5,68.13801416677511,6.801684032244112,16.961363271790955,1
SYN-0028,5,1,4,80.65163860545931,2.3816511955158743,14.369915486204388,1
SYN-0029,2,2,0,70.87313077669,4.197217275801589,9.428118808677507,1
SYN-0030,4,2,2,74.56673679806279,4.889231923673273,15.028829963920428,1
SYN-0031,7,2,5,72.47534197164008,0.073208208421714,10.576284328682528,1
SYN-0032,3,0,3,56.603195895561655,1.4773071765580312,12.660731010421065,0
SYN-0033,3,0,3,105.83553936088694,2.0290748964092318,21.373655033282134,0
SYN-0034,5,1,4,58.42271383364867,0.3806130722842175,20.645206922432617,1
SYN-0035,1,0,1,84.18072535131351,0.6568245227779919,19.0656274214915,0
SYN-0036,5,1,4,66.43912058189997,0.2059138368956265,21.488022721889216,1
SYN-0037,2,0,2,94.48616955897452,2.016229072081824,8.27943448815747,0
SYN-0038,0,0,0,70.87763353460267,3.8826989063508774,23.391987713801292,0
SYN-0039,2,1,1,71.04703127485028,5.634510910774304,12.45874561255296,1
SYN-0040,4,3,1,76.58990710155152,4.715152367539838,13.566008445745947,1
SYN-0041,1,0,1,62.70350850921459,0.768314376589737,14.83039304514288,0
SYN-0042,1,1,0,60.66644252640582,2.386310816879827,12.57804543633456,0
SYN-0043,5,2,3,43.18492582102327,2.995909006687174,9.117719582872581,1
SYN-0044,6,3,3,89.58218210731494,0.7714708523290166,14.084015366531036,1
SYN-0045,2,1,1,65.93439306567186,5.993944766376571,11.547621268366488,1
SYN-0046,4,1,3,87.37166310250102,3.1363908324422973,17.166650775851743,1
SYN-0047,2,0,2,38.64973377054581,4.373237328441602,21.081726066266874,0
SYN-0048,1,0,1,79.20762012213137,0.21321742449077088,19.431523152399954,0
SYN-0049,2,1,1,62.93442541572516,0.17730773555561338,14.928199749430545,0
SYN-0050,7,1,6,74.66361348397007,1.1040662506099475,19.90142486779821,1
SYN-0051,2,0,2,59.76486098319769,0.25298199186234244,13.807218057856748,0
SYN-0052,3,2,1,48.31585041291876,4.059005076340459,10.62345234592904,1
SYN-0053,2,2,0,73.36138722715626,0.15332275190890987,14.05036960312718,1
SYN-0054,6,2,4,68.33602096555735,1.9358660574779545,17.90523650592441,1
SYN-0055,2,0,2,58.61301007669453,7.329920245045135,14.60157514590483,1
SYN-0056,6,3,3,81.12944524794197,1.0834050131862267,19.906634501718514,1
SYN-0057,2,0,2,87.69160181081931,8.728550936440335,12.12329739158118,1
SYN-0058,2,2,0,74.13452736831111,1.264831142279547,15.114892139882645,1
SYN-0059,2,1,1,70.07865549577275,2.9305661804125216,14.187922375058967,1
SYN-0060,4,3,1,49.47114826687214,2.2276590783465005,16.14196723990082,1
SYN-0061,2,1,1,93.26727963283784,1.4686197208470302,14.462698537171434,0
SYN-0062,5,0,5,79.68063924377721,2.435330695595753,19.474526230129396,1
SYN-0063,1,0,1,85.87636730274382,0.9959637351223014,6.965042054307543,0
SYN-0064,5,2,3,44.44926340967268,1.229173934741395,13.777809204413526,1
SYN-0065,4,0,4,53.48122142729332,0.8482786315896105,15.950693099693176,0
SYN-0066,3,0,3,57.76751390067267,0.18577181572073515,11.763898027064572,0
SYN-0067,2,0,2,99.47087699374583,0.08021146020003085,14.141054207886915,0
SYN-0068,2,1,1,82.77031396900765,2.7587144804286168,11.518545109857792,1
SYN-0069,1,0,1,105.61212615100894,0.9206251260007023,12.757102941531224,0
SYN-0070,2,0,2,78.6483544458365,1.4335582244168017,15.245000618174144,0
SYN-0071,2,1,1,57.84241229531172,0.947329969604944,10.381832464851716,0
SYN-0072,0,0,0,60.301406736362104,0.25512620656956253,9.673807985542421,0
SYN-0073,5,2,3,92.84686115904486,1.1300692987659642,16.155640174738636,1
SYN-0074,1,0,1,83.89266321297463,0.8804135193036123,21.637666561880522,0
SYN-0075,3,0,3,60.2403614631726,0.4129834909091608,12.051498464941215,0
SYN-0076,1,1,0,70.7278244191724,1.0566111129786047,10.676199534355849,0
SYN-0077,2,2,0,73.55986577139615,0.5965501670670093,15.094309612554513,1
SYN-0078,4,1,3,60.060643615812296,0.7821756262384653,16.282394674372636,1
SYN-0079,3,1,2,79.57888688166061,0.3353295055413596,7.3539197509241605,1
SYN-0080,2,0,2,60.97046981655423,2.288282702040703,17.04100437854144,0
SYN-0081,4,3,1,75.56718810056964,5.572254530522481,11.584059253136719,1
SYN-0082,1,1,0,87.5167309248971,0.3011164928283852,15.017683373204852,0
SYN-0083,2,0,2,78.15224729445666,1.4807519126920887,18.139683708322394,0
SYN-0084,4,1,3,41.938121184612164,2.753554625873879,12.593946063834766,1
SYN-0085,3,1,2,73.53421837162848,0.2486292317155595,17.083460775547866,1
SYN-0086,3,2,1,79.49172799159427,4.486606661072891,23.082771431217584,1
SYN-0087,2,0,2,92.64656968689435,4.187334688771876,15.608137920187689,0
SYN-0088,2,1,1,65.95187597059943,3.19201072665298,10.08494513687077,1
SYN-0089,1,1,0,83.0440888015849,2.368003418175234,19.422551435219802,0
SYN-0090,2,0,2,72.55891305371294,1.0244913189580447,17.342261593399616,0
SYN-0091,3,1,2,66.95730670494771,4.113387045081393,14.187661739801035,1
SYN-0092,5,2,3,49.87832263300454,2.666980607766784,21.547312448496946,1
SYN-0093,3,3,0,108.0803665260623,1.0183296868180272,16.095810668431174,1
SYN-0094,1,1,0,82.78369733545402,5.047850952306083,4.717050504087478,1
SYN-0095,3,0,3,53.11871488379667,0.3881090064161935,13.40385333308188,0
SYN-0096,4,1,3,65.96666964167754,0.17842687530100626,9.573896365033319,1
SYN-0097,3,1,2,72.97127141151782,0.4591776563216667,13.42255835230423,1
SYN-0098,1,0,1,59.30731325984253,2.9880051871967446,14.425720910767588,0
SYN-0099,3,1,2,64.85968608879477,3.9578986565922807,12.514236536016835,1
SYN-0100,4,0,4,77.2797399484068,2.1512995646350714,10.909331430906116,1
SYN-0101,0,0,0,80.82508096064853,0.03981476258427881,9.483792915131083,0
SYN-0102,2,1,1,64.73977708181819,0.5572390328228946,13.083135793785631,0
SYN-0103,5,1,4,44.953312418973994,4.463726041643655,21.058747737050876,1
SYN-0104,3,1,2,81.34527353931072,1.0532720785596223,8.34790261863289,1
SYN-0105,5,3,2,84.57734035259104,3.2174289078598006,13.876166997453707,1
SYN-0106,1,0,1,102.3285930764961,0.5965093598578778,16.68902913765509,0
SYN-0107,4,1,3,72.93767882646523,0.6405626572055858,10.086508889539871,1
SYN-0108,4,0,4,94.30800167748816,2.187468458815025,20.281978541044555,1
SYN-0109,3,1,2,64.77980370554742,1.8484044379702311,14.794233451585168,1
SYN-0110,2,0,2,55.36190120534001,1.6712870614114044,18.21456718643136,0
SYN-0111,4,0,4,79.11350296497038,0.10559055619954937,7.923280068055292,0
SYN-0112,4,0,4,69.47517264254557,2.332085311466282,21.08320254254204,1
SYN-0113,4,1,3,43.5569960669344,0.19210146921330645,18.576540810465673,1
SYN-0114,4,1,3,75.70296776508945,3.2855876521475147,16.442342981135294,1
SYN-0115,4,0,4,82.2772710195781,0.06907104708842363,14.535390616984,0
SYN-0116,8,4,4,71.44181165411474,0.5227524823945714,12.15089884517983,1
SYN-0117,1,0,1,88.83634188360281,0.13517987097894865,10.421570791121985,0
SYN-0118,3,1,2,74.00575398803889,0.530431285931699,17.558523182493747,1
SYN-0119,0,0,0,80.70099385308168,3.2067450460462505,14.18806885249498,0
SYN-0120,5,3,2,44.77269512300157,2.675635551947331,6.9656040000234105,1
SYN-0121,1,0,1,54.90826160374756,0.5321223319189935,9.796352168687253,0
SYN-0122,0,0,0,69.47972668919829,0.9700774549106357,14.936858930146084,0
SYN-0123,4,1,3,104.64584133109281,0.3655247785135971,11.344412345813337,1
SYN-0124,5,1,4,62.236995236376636,0.41266692710910036,11.604302413762657,1
SYN-0125,2,2,0,91.30756371984782,2.381590804842675,11.717014825002096,1
SYN-0126,2,0,2,105.36064547549063,1.7354116910589348,17.751353206266575,0
SYN-0127,2,0,2,74.28798086087357,2.12982500239724,15.3378271599481,0
SYN-0128,1,0,1,49.31021157978209,2.570511159994137,11.076279840232324,0
SYN-0129,1,0,1,62.235830514457426,3.8103972460884097,14.895151806555594,0
SYN-0130,4,2,2,45.40905598503916,4.217822870880717,15.850194210590162,1
SYN-0131,10,5,5,67.49322879524719,0.8162939650186172,14.58685474573329,1
SYN-0132,4,0,4,82.26629043814074,7.946326935948816,8.042427761402775,1
SYN-0133,4,0,4,73.74075525566133,6.593242555535332,20.3098131190539,1
SYN-0134,3,2,1,63.30349578174208,0.7161048328564796,14.77635997159323,1
SYN-0135,1,0,1,87.92569943387264,0.0936424785559097,7.907252380864901,0
SYN-0136,6,0,6,68.03442389501507,2.9428978451677135,5.859039037497984,1
SYN-0137,4,1,3,76.60021675079999,2.3662644760731477,11.991783102589554,1
SYN-0138,1,0,1,50.79543401993658,6.0263088127702185,17.48982931312058,0
SYN-0139,3,1,2,47.117122436128916,8.267541058263548,11.232367720475022,1
SYN-0140,3,0,3,51.22690863714334,3.9954761176535873,19.77505841629304,0
SYN-0141,5,3,2,79.64084139801315,0.28138797185516495,19.316610120529724,1
SYN-0142,0,0,0,88.738026512313,1.3137167205395892,15.96561826807799,0
SYN-0143,1,0,1,49.62593204914971,1.352952026818662,12.735608526253891,0
SYN-0144,1,0,1,60.480924470599646,1.214747018390625,17.983008946725423,0
SYN-0145,0,0,0,63.21540521126385,1.8326842069838267,4.304482693484173,0
SYN-0146,4,1,3,66.05017146079054,8.634365310458866,12.386841992107518,1
SYN-0147,2,1,1,66.68553739255503,0.7904196719957203,14.107543355978123,0
SYN-0148,1,0,1,54.975699851576266,1.6765348078362414,12.87559882845618,0
SYN-0149,3,0,3,90.99033154879004,0.06419149347206422,17.698534731651076,0
SYN-0150,1,0,1,80.47334970420386,2.5041349457440525,15.573941541686999,0
SYN-0151,3,2,1,89.76091098451488,1.2041219438700927,14.790398418769598,1
SYN-0152,3,0,3,60.22872994578327,4.1080711140047965,12.064456663782714,1
SYN-0153,3,2,1,69.63468111608526,1.6209965982312413,22.569081434447455,1
SYN-0154,5,2,3,66.13935193864982,4.054039850381681,7.325663704489642,1
SYN-0155,4,3,1,46.57289707906793,2.583843134977741,22.006948410120543,1
SYN-0156,4,1,3,92.14810524588844,2.641860030253711,19.520365416589804,1
SYN-0157,3,0,3,69.61668893512832,0.5679939399887409,18.690916077037457,0
SYN-0158,4,0,4,75.6142008336596,0.5971717608480124,13.652620891479232,0
SYN-0159,3,2,1,46.66152024265156,0.15267544511187414,12.910416118000764,1
SYN-0160,2,1,1,46.651271520103734,1.9201978331469356,12.28753935613635,0
SYN-0161,2,0,2,82.70618514977552,1.2873083392705855,18.89000365954752,0
SYN-0162,5,1,4,70.72577677428706,5.516762410803933,11.249826194641635,1
SYN-0163,0,0,0,80.98960115823368,0.760051222113574,13.67713367956567,0
SYN-0164,1,0,1,83.74491512053723,1.212984538184019,15.385953903591972,0
SYN-0165,3,0,3,86.62274225106275,0.4509261088732207,9.840376291497876,0
SYN-0166,3,1,2,67.1397639885498,2.3593797527607077,14.869731492718891,1
SYN-0167,7,4,3,86.58288899436975,0.4858639960360479,18.748121222241522,1
SYN-0168,3,1,2,69.0379248011051,4.092066922031506,15.315049641213921,1
SYN-0169,5,2,3,78.96100104774787,3.197130952895551,16.804690969243595,1
SYN-0170,2,1,1,50.82966124845436,2.3779530040622885,7.425037137647769,1
SYN-0171,2,0,2,94.63022740204553,1.9324874602968365,18.03926835737054,0
SYN-0172,4,0,4,52.64883662422077,1.0177310283959984,7.868816590950618,0
SYN-0173,7,1,6,66.20971467998554,5.235538332447438,15.568338118803478,1
SYN-0174,2,0,2,44.605647787069216,0.6705899851833239,13.606641492821,0
SYN-0175,3,1,2,55.15557795144494,1.0673326679182042,17.763084751952864,1
SYN-0176,1,0,1,71.5806325921894,2.469181998879371,8.663898020327181,0
SYN-0177,2,2,0,90.96122054590558,1.5980224999872223,13.699423332759933,1
SYN-0178,0,0,0,71.83446254548426,3.4206044294154583,16.17319211614555,0
SYN-0179,2,1,1,87.24129592395572,4.605632707425712,12.796383922554563,1
SYN-0180,3,2,1,97.29359570047984,0.2008240345822516,10.687224074936946,1
SYN-0181,3,1,2,64.6883853782802,0.20122042252560193,15.814151334980703,1
SYN-0182,0,0,0,84.45818675192365,0.5277933258825777,22.842092006365405,0
SYN-0183,4,2,2,48.4657175767984,2.528845722838106,6.3475742992839,1
SYN-0184,3,1,2,45.65431159801382,0.16550137469559495,16.253381850020094,1
SYN-0185,2,0,2,60.26083682400989,0.14390272146325966,9.104238932950974,0
SYN-0186,1,1,0,73.50678867686122,4.241845632979484,7.776417415185491,1
SYN-0187,3,1,2,95.08858580256555,1.2517458559648178,15.676076037464181,1
SYN-0188,1,1,0,78.08133988669553,0.4486226874845159,10.317305627682535,0
SYN-0189,2,1,1,89.71014211965849,3.1738852858327005,9.141826041094372,1
SYN-0190,3,3,0,71.09495133960036,3.6907419841239433,17.12031271886633,1
SYN-0191,2,1,1,72.00311357173423,3.0467781340373303,13.390120654477824,1
SYN-0192,1,0,1,58.21015809238076,0.18344728114475525,8.675068185768888,0
SYN-0193,4,1,3,82.54485584493327,1.374185025841579,14.125067508994698,1
SYN-0194,4,2,2,83.78614724481653,4.0507658383112535,12.838901823245395,1
SYN-0195,3,1,2,78.04764765355606,0.8496008524262127,10.406128072835852,1
SYN-0196,6,2,4,60.243804479350096,1.396585096432789,16.118772531621772,1
SYN-0197,2,0,2,70.8497488734566,6.7523556637682125,16.118771017426923,1
SYN-0198,3,0,3,51.85457885738339,1.9330005690115275,16.399714919984817,0
SYN-0199,2,1,1,59.66999867555585,10.54386395347333,13.749372175190222,1
SYN-0200,1,1,0,61.54526458860486,0.2588168120480187,12.356275374803264,0
SYN-0201,1,0,1,70.23530070693403,11.42575977359987,11.085073274502387,1
SYN-0202,5,0,5,68.07238778716291,0.43288836412282716,17.957477753128526,1
SYN-0203,5,1,4,64.12652790505294,0.6017054080436526,13.939227484920043,1
SYN-0204,3,0,3,55.08840650436711,1.587966954003389,13.876244011377503,0
SYN-0205,2,0,2,63.35076623212734,2.6739197560495818,10.460789143892397,0
SYN-0206,3,2,1,59.963908920101254,2.330367869362041,18.159618749584304,1
SYN-0207,3,2,1,102.35962319898255,2.1538224714325245,11.577140307986646,1
SYN-0208,3,1,2,76.89958214408675,1.4357894646508567,11.289138520991575,1
SYN-0209,1,0,1,64.52017673031837,0.14784585373802417,14.738721223459633,0
SYN-0210,0,0,0,57.96260900182529,0.7034759624601976,19.19524529938821,0
SYN-0211,3,0,3,74.2381528916019,2.8910075984474317,11.168589293027267,0
SYN-0212,1,0,1,79.10696651175428,0.9623383116586516,19.24463554527242,0
SYN-0213,1,0,1,79.62531155731975,1.5113312553729448,18.898508348905327,0
SYN-0214,0,0,0,60.347226544297854,7.821081145434436,17.711360512324948,0
SYN-0215,5,1,4,54.327862089684494,1.157513081846666,6.134573642495993,1
SYN-0216,3,0,3,74.61110046713651,0.6734835557580368,17.262948850157187,0
SYN-0217,6,3,3,83.32898320496312,2.1351683813684184,16.93779613395062,1
SYN-0218,4,0,4,75.99531927628962,3.4051395613916924,11.394572424832685,1
SYN-0219,4,1,3,41.51235418126799,1.664919614936311,14.313717596074572,1
SYN-0220,4,1,3,66.86465114070963,3.2195856378034966,10.5979181831628,1
SYN-0221,4,1,3,74.16974597114063,0.010486671668489952,19.81924257996697,1
SYN-0222,1,1,0,48.252151517786416,0.3224232166702378,9.574767275086632,0
SYN-0223,4,2,2,73.37027088627829,0.9936011989118629,17.73036332749236,1
SYN-0224,2,1,1,87.49822886465509,0.19520501797971207,11.708008780036216,0
SYN-0225,3,1,2,97.91973395854592,1.8500962654148234,21.54645858435764,1
SYN-0226,5,0,5,86.73853080048042,2.4598187680415684,11.402937687696301,1
SYN-0227,3,0,3,57.35109093559386,0.498492443961226,13.459028417471874,0
SYN-0228,8,2,6,64.4168983589342,1.6966673924200901,18.354994478816742,1
SYN-0229,2,0,2,62.08334703631091,1.4599491874370412,17.085755967663296,0
SYN-0230,3,2,1,64.4675465561119,3.2454851544975876,15.607085130234294,1
SYN-0231,2,0,2,69.58727642424046,1.1484210082822626,21.089006386678975,0
SYN-0232,4,2,2,75.30224358923,0.14290181501706456,14.486020045606862,1
SYN-0233,1,0,1,75.32533681632275,0.5741543771272133,13.115547618845993,0
SYN-0234,4,1,3,33.63639609590587,0.8534081111890731,17.536181585444197,1
SYN-0235,1,0,1,71.00486075837308,5.523612905838238,16.0637568708164,0
SYN-0236,1,0,1,81.9139701943274,0.4415368302685593,8.982842307323002,0
SYN-0237,5,0,5,58.981126348029264,3.802470988526221,10.758990251942476,1
SYN-0238,2,1,1,65.56688139780177,2.4608738012049085,14.609262054306496,1
SYN-0239,1,0,1,51.004892415614435,5.826393854798992,13.768064210271064,0
SYN-0240,5,0,5,90.95839633838145,1.2295589902644601,14.228052545484205,1
SYN-0241,1,0,1,59.364494325029426,0.8015972209434284,11.958255790292132,0
SYN-0242,6,2,4,83.24664665720738,1.547421172007841,13.688651211948791,1
SYN-0243,2,1,1,89.6420934452607,6.675130324104196,11.727430680662662,1
SYN-0244,2,1,1,98.09946664326318,3.1981254389021325,18.320192262858594,1
SYN-0245,3,1,2,60.346752515238066,3.8923299610267246,18.119843270324644,1
SYN-0246,3,0,3,55.673161309759706,1.1607923897797439,15.694396262373845,0
SYN-0247,2,1,1,77.81942935893635,1.0817484540587896,14.0232422341698,0
SYN-0248,5,0,5,70.49086737311062,1.4990102293170062,12.932341151942715,1
SYN-0249,3,0,3,74.06461808269289,1.556511668598201,15.216771678213686,0
SYN-0250,4,1,3,89.45491819841664,0.8165622809286673,13.908527750804472,1
SYN-0251,3,0,3,64.12362776434267,1.1969506958404244,10.31035926200599,0
SYN-0252,5,4,1,56.44447208904808,2.2551198890215107,15.297437126886411,1
SYN-0253,2,0,2,63.96899883224994,3.6285148242256637,16.097058710572675,0
SYN-0254,4,0,4,77.70861774488372,4.099058532192799,14.718327127758393,1
SYN-0255,6,0,6,44.426821688015146,3.9985063837139285,4.892035169867796,1
SYN-0256,3,1,2,66.67208644307041,3.908674591025659,15.686737873057778,1
SYN-0257,4,3,1,55.96841946933107,3.5368047432098155,18.343928464700127,1
SYN-0258,2,1,1,56.339442654029014,0.5538636697766027,14.367458982593975,0
SYN-0259,0,0,0,81.99912852913076,0.7054734398904734,7.534757566253648,0
SYN-0260,2,1,1,76.42469443710245,1.7989732801526803,17.596542854749966,0
SYN-0261,2,0,2,71.05078244669772,0.13151246430506303,18.647513210432763,0
SYN-0262,3,2,1,84.62796444673644,4.223580741509883,16.004376679759382,1
SYN-0263,3,1,2,77.66803899287471,4.460962211258672,19.49463418065183,1
SYN-0264,5,1,4,66.30906267805076,1.3375612173375064,10.627013618735234,1
SYN-0265,6,1,5,63.4061693345234,0.09344696800468241,5.168996334469725,1
SYN-0266,1,1,0,66.69708059488063,0.43655510089128596,5.728581094256031,0
SYN-0267,2,1,1,65.36186384425204,3.2449012188512922,10.991374377637667,1
SYN-0268,4,0,4,56.70669484585891,0.8469215548465312,15.07464570673509,0
SYN-0269,5,1,4,49.334488403247214,1.0587297548125656,6.568031833502382,1
SYN-0270,7,2,5,72.17301496986333,2.320485530889521,11.540908539372326,1
SYN-0271,1,0,1,56.67778156408935,1.0858293283677616,12.772475405250509,0
SYN-0272,2,0,2,72.52982007950092,2.2705730233993657,15.767762598277637,0
SYN-0273,2,1,1,73.10086070867492,4.138168226475087,17.03575440048779,1
SYN-0274,3,1,2,44.54353922520622,1.3310659484463183,11.417722285406098,1
SYN-0275,1,0,1,40.60914660863884,2.6125536771229165,16.93059744291633,0
SYN-0276,5,1,4,66.01345620259025,3.202744460538693,19.733689679300674,1
SYN-0277,6,2,4,85.48819306512486,0.9385770084815598,18.506820547310333,1
SYN-0278,2,1,1,55.53393618082461,0.05155430879335332,12.279373457632653,0
SYN-0279,3,1,2,86.65453542974146,1.8616884920116712,9.266375246933876,1
SYN-0280,3,1,2,69.31044988124282,0.055845924845850624,9.413341141916387,1
SYN-0281,3,0,3,53.5278178295373,0.047258154162401124,12.55275464306973,0
SYN-0282,4,3,1,80.45431606766104,1.8473502413695446,12.66472204097596,1
SYN-0283,5,1,4,52.091124904014166,1.6135792845831347,14.571772379054828,1
SYN-0284,4,1,3,51.078177495173364,6.7874935648593215,10.539843094604027,1
SYN-0285,3,1,2,66.92069362767849,1.027589389711504,23.33665432050816,1
SYN-0286,5,1,4,69.54783595718723,1.566251367505949,11.729176863125257,1
SYN-0287,6,3,3,74.0369041186766,0.6452857995826853,12.627230898010358,1
SYN-0288,5,3,2,43.40451297689678,0.6731384381201518,19.04768600285597,1
SYN-0289,3,1,2,85.84085213599077,7.899381582671365,14.892955656516639,1
SYN-0290,5,0,5,67.07637579470979,3.7542276220651862,18.53508038746826,1
SYN-0291,2,0,2,104.99866606427952,5.217747919129551,14.769130697596164,0
SYN-0292,0,0,0,86.86169079979021,2.358771331422216,17.790105848491432,0
SYN-0293,1,0,1,60.59924163115052,0.4732301824724971,17.449573889531035,0
SYN-0294,1,1,0,84.2968756806413,0.6980355170098412,16.052341680389173,0
SYN-0295,0,0,0,77.72564009914282,0.3082853634204434,16.862632979031563,0
SYN-0296,6,2,4,67.55399554084354,1.0454809461012622,11.020389420774205,1
SYN-0297,1,0,1,41.59577999569321,0.15995324947914416,14.853174829491754,0
SYN-0298,3,0,3,45.88660203446538,0.528932183465119,10.949100885735144,0
SYN-0299,5,1,4,79.53127045313839,7.7246679359526444,9.04296642058611,1
SYN-0300,3,2,1,30.0,1.7631255210799208,14.73539817901478,1
SYN-0301,1,0,1,82.10683894955966,3.457961427963438,10.105815201182125,0
SYN-0302,3,1,2,69.61638531712008,0.6689159933274842,6.923696380443527,1
SYN-0303,2,1,1,60.6071495166765,0.6463962198195594,14.061515925488422,0
SYN-0304,1,1,0,57.12325089437971,0.21493076548758702,18.502351084161376,0
SYN-0305,3,2,1,67.60608157262506,4.814628146322393,17.779886661554926,1
SYN-0306,2,1,1,33.41774262585356,2.0032173348106554,13.462883351254783,1
SYN-0307,1,0,1,84.48096226886756,6.765585882081083,18.94452288722487,0
SYN-0308,4,2,2,63.42835263634608,0.8927319174155142,14.559107879064943,1
SYN-0309,4,1,3,62.37789703529034,2.9183119432260995,13.408878724730114,1
SYN-0310,4,1,3,65.90470358910972,2.2652475567668895,15.460501647932041,1
SYN-0311,2,1,1,56.95505378087958,2.0703321253609963,18.50173913765908,1
SYN-0312,4,1,3,43.84227825050653,3.6094490154940124,14.476073624215898,1
SYN-0313,0,0,0,66.57100126989972,1.357954438467984,10.02260250156595,0
SYN-0314,3,1,2,70.3369883921807,2.263566426447793,16.18847646070084,1
SYN-0315,5,0,5,80.09291853950229,0.2561377737569413,16.367256534965513,1
SYN-0316,1,0,1,71.5278444289298,0.8557146861866832,20.19608060598075,0
SYN-0317,1,0,1,72.47141261854775,3.7554299972493825,14.203550807424072,0
SYN-0318,0,0,0,80.05329845916008,1.224962905712892,16.70786554935815,0
SYN-0319,2,0,2,68.45117859776428,2.7522477652134314,7.427244755383331,0
SYN-0320,1,1,0,70.31329732443943,6.5811921595658,14.922803622874733,1
SYN-0321,1,0,1,64.37205429514094,1.9479119447839621,12.729139612975064,0
SYN-0322,4,1,3,52.44973524101631,0.8468270689879257,17.39424813790299,1
SYN-0323,5,0,5,53.66379825778293,6.337036686630444,13.37671410268359,1
SYN-0324,3,0,3,82.62292513059639,1.2311314431146945,11.529453562423013,0
SYN-0325,2,0,2,48.64064271324783,0.10254243907225369,12.93339068306234,0
SYN-0326,6,4,2,70.7194216897232,0.600972144984639,15.327375453034062,1
SYN-0327,2,1,1,76.38830809289554,2.831942447448347,14.076591109663008,1
SYN-0328,3,1,2,55.65345434772987,1.6652107754173158,15.889625111521509,1
SYN-0329,2,0,2,79.27732570684714,0.5192955419278339,13.17008990926451,0
SYN-0330,2,1,1,62.94936778360748,1.1196887015603572,15.063512918608193,0
SYN-0331,0,0,0,58.05743942959383,0.6818420646540689,15.355974741236986,0
SYN-0332,3,1,2,49.8382829445522,2.8070029019906837,7.586958132736202,1
SYN-0333,5,2,3,90.68064619395025,0.5499237377770193,9.020675047127373,1
SYN-0334,2,1,1,63.894455306098294,6.009916225071519,16.745273827826804,1
SYN-0335,5,1,4,67.1631941383445,3.0315809831030545,17.68660044769784,1
SYN-0336,2,1,1,61.73918206456733,3.86245969058071,9.895121445019889,1
SYN-0337,1,0,1,70.16712344573136,1.0532734996033275,16.83856516202323,0
SYN-0338,6,3,3,43.32118623990225,1.1075643223755363,15.278607303675908,1
SYN-0339,0,0,0,80.35355200570409,0.11236713831299383,3.766526466971591,0
SYN-0340,3,0,3,88.26060354627445,3.7733544560740695,17.282221676025493,0
SYN-0341,2,1,1,63.033936065359185,0.9270604799335608,15.848243573007586,0
SYN-0342,7,2,5,57.54333390165152,3.0340066119482234,16.09005642106303,1
SYN-0343,2,0,2,46.17303189373663,2.506495320377518,17.17173941397243,0
SYN-0344,2,1,1,79.10084588704274,3.5147893602561635,13.267213525118448,1
SYN-0345,7,3,4,61.62547369080954,0.8177732725404557,9.59938306811322,1
SYN-0346,7,1,6,80.43306636348666,0.9701696856981685,17.396408442972575,1
SYN-0347,0,0,0,69.09566512912582,0.5356893620974138,15.819180678569522,0
SYN-0348,4,1,3,80.48242630303803,0.3950871203199098,15.683891777557559,1
SYN-0349,3,2,1,62.81743815987394,0.6851088810554417,10.548896943827518,1
SYN-0350,5,2,3,64.46084291130695,1.5919492147397791,14.573553869369004,1
SYN-0351,2,1,1,88.26622728476801,1.0367997575476584,10.526235882991404,0
SYN-0352,2,0,2,53.25213340077011,0.11649940764779618,18.943246480027753,0
SYN-0353,5,1,4,63.79802258315086,0.65105249928659,15.041122026331545,1
SYN-0354,3,1,2,66.54398928691349,2.6779437647354163,10.303067422926782,1
SYN-0355,3,0,3,68.74843045314459,0.6254084119078702,8.20141912120588,0
SYN-0356,4,0,4,68.7492358708856,0.19316935264161353,14.742770358964238,0
SYN-0357,4,3,1,82.17094831737388,2.4526404489001523,9.406946844989527,1
SYN-0358,3,2,1,78.27214412859286,0.45287954109998413,15.362356865601987,1
SYN-0359,4,1,3,65.09322705116782,6.320318519001087,7.505779047907467,1
SYN-0360,3,3,0,57.03413393628729,2.759705105791522,13.43628834288952,1
SYN-0361,3,1,2,70.2371131616776,1.9001691557042915,13.652976997804222,1
SYN-0362,3,0,3,75.3877457378812,0.027681797717852966,16.271766972300526,0
SYN-0363,2,0,2,68.99232564925967,2.639017793398541,11.136960043556993,0
SYN-0364,2,2,0,76.11815173562982,3.4630281073094618,15.810125745437938,1
SYN-0365,4,2,2,58.550708437321276,0.9276071815125889,14.151751341790408,1
SYN-0366,4,2,2,86.60447149453962,1.211538292842597,16.56474664964428,1
SYN-0367,3,1,2,78.0748603359539,0.13229316618459816,14.73699165577641,1
SYN-0368,3,0,3,59.644200607919856,1.3509907071279492,14.016372030701826,0
SYN-0369,3,1,2,59.51142674072308,0.34980854025643787,12.030567704025948,1
SYN-0370,1,0,1,72.03577885821998,2.311218223272914,14.659640573706229,0
SYN-0371,1,0,1,71.49408634782161,1.533819165879688,7.360977658087749,0
SYN-0372,4,2,2,68.1181860999565,0.8752276142483729,15.31151809663743,1
SYN-0373,3,1,2,72.62817128362768,0.4310033200163549,1.9410360104136402,1
SYN-0374,7,3,4,78.33268969513372,0.5216860622201293,10.325253954055622,1
SYN-0375,1,0,1,84.63725079017064,1.4469379492541024,17.673817775769656,0
SYN-0376,1,0,1,59.35630217876241,0.22263530282193345,8.965980357298662,0
SYN-0377,3,0,3,49.33573748868644,0.49577925894404595,11.740903983316231,0
SYN-0378,5,2,3,56.9756090218545,1.3867454202861678,16.13851634448974,1
SYN-0379,4,1,3,64.96403507620417,0.3082659445348505,10.842218559036048,1
SYN-0380,4,1,3,65.50485027989819,3.1477372689118486,13.799181531833021,1
SYN-0381,1,0,1,91.96265858128656,0.584109593843989,17.987435093863233,0
SYN-0382,0,0,0,88.66747114031587,3.445082910662892,14.528083690470229,0
SYN-0383,4,0,4,57.99942153403531,0.9814777400702991,13.74590170153858,0
SYN-0384,3,2,1,82.72646323307927,6.8881562410584225,5.012442664061579,1
SYN-0385,1,0,1,88.00118434640292,1.13645836855904,12.03239020997518,0
SYN-0386,3,1,2,60.63481915430164,0.9227196279414428,13.261898569376601,1
SYN-0387,4,0,4,66.86568767163979,0.010655284770946407,22.44054232834249,0
SYN-0388,3,1,2,90.94895337371895,2.7866137218140863,15.65859194041913,1
SYN-0389,3,1,2,59.190404922520756,0.43376438892167374,16.11532520725208,1
SYN-0390,9,3,6,55.18253978619302,0.4519305084635853,17.732929793262535,1
SYN-0391,2,0,2,70.23427500924404,0.41631378088851706,17.60910869514659,0
SYN-0392,2,1,1,86.62506529955726,0.6347602237087439,16.387131118699905,0
SYN-0393,4,1,3,78.95842327380078,0.4936321270750408,10.206607983103197,1
SYN-0394,6,0,6,55.75863509911353,1.1324871992825711,19.738939918657376,1
SYN-0395,0,0,0,75.2447507094954,0.07951870336109192,7.740788914551779,0
SYN-0396,7,3,4,77.03901384712789,0.1392488145146022,7.857711507171577,1
SYN-0397,2,1,1,75.52901243680304,12.088294372086468,15.26290106774197,1
SYN-0398,1,0,1,88.22195585341578,1.6702543416064919,11.609725456932136,0
SYN-0399,2,0,2,79.33104985459073,2.873513891818843,19.31573327814164,0
SYN-0400,0,0,0,86.07116952831237,1.9596011545043717,22.08019642771859,0
SYN-0401,7,1,6,80.55462423689762,5.294084811731123,14.636635781328422,1
SYN-0402,2,2,0,79.38262025246553,1.7986618273780364,17.540925931955965,1
SYN-0403,1,0,1,54.11638619415099,5.684031489903096,19.926653609850394,0
SYN-0404,3,1,2,58.86273651192424,2.020874974984779,12.058776658528526,1
SYN-0405,3,1,2,64.97293328242823,0.03866100824128207,15.369351337958486,1
SYN-0406,8,1,7,45.17907585385004,5.084415163802003,16.15519263507705,1
SYN-0407,3,0,3,57.88846897795578,1.8671126336260515,13.403979202544539,0
SYN-0408,6,2,4,83.430331461439,11.783527968204705,11.473689083338675,1
SYN-0409,0,0,0,74.32980896211227,1.2510126440267877,14.299105071687874,0
SYN-0410,2,0,2,66.91210853679489,0.14736819271368207,11.013686613839045,0
SYN-0411,1,0,1,62.63269379286843,0.3666227067879234,12.860498026521316,0
SYN-0412,4,1,3,60.80958031183587,0.7115888739842574,18.207580229062415,1
SYN-0413,1,0,1,90.53882196132814,0.12921537712732825,9.445730507801521,0
SYN-0414,2,0,2,69.52841244437835,0.7202747518555784,10.606285463236741,0
SYN-0415,3,1,2,75.24700036851861,0.6394201891424889,9.983781612631958,1
SYN-0416,1,0,1,83.73085413340243,0.11733287549123396,11.80183890161786,0
SYN-0417,5,3,2,75.90695947324377,3.6665143644792724,6.28930968261756,1
SYN-0418,4,2,2,30.0,3.64316461721973,8.124306145319226,1
SYN-0419,3,1,2,62.62658262102873,0.4373551171244483,15.37978000618514,1
SYN-0420,4,1,3,74.43436733120643,0.9309820694561635,7.9334298023168355,1
SYN-0421,3,0,3,60.881871089862734,3.494080320207032,11.843509187404086,0
SYN-0422,4,1,3,62.01531601105315,0.18207651520840312,18.780556719333745,1
SYN-0423,4,0,4,76.12910961552652,0.5744815469842641,12.768766115444464,0
SYN-0424,1,1,0,78.02226004518866,2.774715964639595,18.915922009956248,0
SYN-0425,2,0,2,82.43694741004171,0.08176715752199795,13.890672263575626,0
SYN-0426,2,1,1,36.42653150012542,2.8590354938077303,5.517199389459735,1
SYN-0427,2,1,1,87.57493467670825,0.3743667847223361,12.538656187950117,0
SYN-0428,0,0,0,72.11885710131195,1.9096948618814267,5.477734080771198,0
SYN-0429,3,0,3,38.73830590752117,3.6549440158096265,20.898786599044435,0
SYN-0430,1,0,1,61.452506076418615,1.8746176451331993,15.318034942292037,0
SYN-0431,1,0,1,63.24980713006279,2.7787554131839127,19.02859686745029,0
SYN-0432,2,1,1,81.14289219365847,0.9798332239331273,14.455477601238735,0
SYN-0433,1,1,0,93.00782411548262,0.534257754488062,14.551378019523133,0
SYN-0434,1,1,0,77.58106410146496,0.6171207844024639,14.783380988042742,0
SYN-0435,7,1,6,84.86887987288134,1.9493738632326567,18.153510619060597,1
SYN-0436,3,1,2,57.69734681430962,3.598435912507053,8.99448701429043,1
SYN-0437,4,0,4,74.86085542332341,0.3261493937121577,9.40923444073733,0
SYN-0438,4,2,2,82.37123509858446,1.7249839428761053,17.264027395097692,1
SYN-0439,3,0,3,79.53169042471536,1.0593288935422118,9.530327305946415,0
SYN-0440,6,1,5,62.06533437903977,1.1240891393079775,9.773769428958989,1
SYN-0441,3,0,3,41.31617536870335,1.813086562201032,13.725463815658125,0
SYN-0442,2,1,1,65.8402591515103,2.641014044329653,16.860649603042738,1
SYN-0443,7,0,7,77.00074351007773,0.2206445387597513,16.025467910105018,1
SYN-0444,2,2,0,92.74591082880359,0.06596280417710608,16.408473281569933,1
SYN-0445,2,0,2,43.83503921082614,5.571452603967907,16.32897791025504,0
SYN-0446,5,0,5,71.9425067651215,1.224716559087638,12.793464465858957,1
SYN-0447,2,1,1,86.2403658083061,3.437346972513234,12.115501392728486,1
SYN-0448,3,0,3,47.209808867847364,3.676554186225306,2.6713776075577247,0
SYN-0449,4,1,3,76.16143284363827,0.2525867652161339,13.252786434955992,1
SYN-0450,3,1,2,52.7901704852749,2.1366100778306083,12.750312834019804,1
SYN-0451,3,1,2,74.0000914567498,5.576856071809165,10.371967366469363,1
SYN-0452,2,1,1,87.38611097433846,3.371245360764361,12.654981045275711,1
SYN-0453,3,1,2,96.02404863755213,2.1468239473125026,10.572911624692829,1
SYN-0454,1,0,1,74.76179891875263,0.08563800926202912,12.668558382469955,0
SYN-0455,3,0,3,96.32399607470862,6.345798703188005,14.073606523133753,1
SYN-0456,6,3,3,99.84782610006336,1.1188342788054821,15.403770019582828,1
SYN-0457,4,2,2,40.49395444619272,4.931637556142718,9.53125415317199,1
SYN-0458,4,1,3,66.61514945172897,0.6349046301030229,13.657567642115016,1
SYN-0459,0,0,0,68.58311928336995,2.606635156163371,15.678439888096472,0
SYN-0460,6,5,1,71.10151778861679,2.1547154416096235,12.654485347558383,1
SYN-0461,3,1,2,59.27467197954636,1.5813371902895457,9.885693897975498,1
SYN-0462,2,0,2,75.83468094028275,0.1757565865992188,15.005894435762048,0
SYN-0463,1,0,1,85.73060689624845,0.35590808970487425,20.621628452353182,0
SYN-0464,1,1,0,77.36811498117994,5.2199548984198305,12.567882481012056,1
SYN-0465,1,0,1,41.359658687390606,0.0581418433592142,19.273209299410677,0
SYN-0466,1,1,0,68.66148768667827,1.7751744011429362,13.849717420082074,0
SYN-0467,4,1,3,66.3737554165983,1.5964313122921618,17.120281189564256,1
SYN-0468,1,1,0,61.13774351896293,0.5125711390787284,16.620162455127158,0
SYN-0469,3,0,3,80.16039282529633,0.10531233795075003,10.899863242305104,0
SYN-0470,3,1,2,73.78251025713364,3.2739505101947963,9.255723074402347,1
SYN-0471,2,0,2,52.684559976505234,2.2769770663103026,6.992684772993123,0
SYN-0472,1,0,1,55.813809089548286,2.0516782380760525,16.432984766739875,0
SYN-0473,4,1,3,81.41958345114179,3.4981435983227507,9.416397640070688,1
SYN-0474,3,1,2,91.02143503399112,0.6311864928669911,9.433312713042438,1
SYN-0475,2,2,0,83.39430805163154,4.021347135269835,21.31848080686435,1
SYN-0476,3,1,2,80.69068043291998,3.8019150512053272,6.467399167765665,1
SYN-0477,5,0,5,55.71525428891805,2.8994343813343173,11.292019446165874,1
SYN-0478,2,0,2,63.20341198028931,2.2570118659633436,17.57889405858855,0
SYN-0479,5,2,3,80.93363733344174,0.5314049992473072,9.850937036149087,1
SYN-0480,3,0,3,86.0933011448934,0.09208121991530512,15.30174743773524,0
SYN-0481,4,1,3,53.93721371973342,1.5887887914672514,21.645676348558894,1
SYN-0482,2,2,0,94.33289652324143,1.3874088123936774,21.80456819319118,1
SYN-0483,1,0,1,79.42573054056435,1.0437412495474923,13.041970524940222,0
SYN-0484,2,1,1,79.0487125085709,3.142273655573616,15.192633863962103,1
SYN-0485,4,1,3,79.78969610765617,2.008668554180705,9.449250173797065,1
SYN-0486,1,1,0,87.47548157259186,1.6264686655703757,9.01762435354178,0
SYN-0487,1,0,1,58.5971582655687,1.0284200785166,15.148533416491944,0
SYN-0488,3,1,2,50.53735540026654,0.025962728569670773,10.968575215976495,1
SYN-0489,5,2,3,91.27360532136346,0.9844210885223578,7.644726098719115,1
SYN-0490,1,0,1,69.52731513365465,1.5180260348042014,15.09896761098538,0
SYN-0491,5,1,4,88.08934026856814,0.7573720829147271,18.567412979243887,1
SYN-0492,2,1,1,86.51232097633908,2.800560301118025,18.245483859492534,1
SYN-0493,4,0,4,63.106765882573654,1.9199938907486236,7.047553441818454,0
SYN-0494,2,2,0,69.19142726491391,1.7616721296478828,10.070785678490742,1
SYN-0495,1,0,1,72.94197188535861,1.57203817632581,10.383726841056,0
SYN-0496,3,1,2,53.617545509228655,0.7356766328764053,17.33900530529953,1
SYN-0497,6,2,4,78.9810852398971,1.625955490016639,10.31904588089449,1
SYN-0498,2,0,2,54.60446188501162,2.2519437575405252,18.9200022908766,0
SYN-0499,5,0,5,76.42475038562856,0.9491134416342683,14.308625984870867,1
SYN-0500,1,0,1,76.87252172183048,12.19310709721432,10.081115101132774,1
SYN-0501,3,2,1,43.091612531981646,2.1557982281535515,8.578209987550842,1
SYN-0502,2,1,1,72.58790174384634,6.182985979456845,16.04345195659327,1
SYN-0503,2,1,1,44.76011958815971,0.2712363312440897,9.903885636454483,0
SYN-0504,2,0,2,71.2118744458297,1.8088712282005444,11.275779357541285,0
SYN-0505,5,2,3,66.93557000047245,0.7028796334648795,17.215677323522883,1
SYN-0506,1,0,1,58.65514863057138,5.612492519935785,14.69020076721676,0
SYN-0507,3,1,2,86.42740617580347,3.0600482823770996,15.73402199978737,1
SYN-0508,2,1,1,76.53963084250069,1.7380760022316515,3.871015659121259,0
SYN-0509,5,4,1,59.87598971814172,1.1591214844976143,12.387696043739878,1
SYN-0510,2,1,1,66.48497633436905,0.4875416200094418,17.229778872033407,0
SYN-0511,1,1,0,74.88761278221887,0.8711360435225806,18.833391270294253,0
SYN-0512,6,4,2,104.08652080670322,0.4981734670821448,17.55614848911957,1
SYN-0513,3,1,2,72.1147404941809,0.514364255753828,20.35450771217438,1
SYN-0514,2,0,2,62.24225374290897,0.9778251461834561,11.807334576123015,0
SYN-0515,1,0,1,34.353507154932046,3.6545238759782963,12.645234640312498,0
SYN-0516,2,0,2,95.43584316716297,4.208017934861908,21.589154779092446,0
SYN-0517,2,0,2,101.5550965459258,0.09331371426792875,16.385588276470614,0
SYN-0518,3,0,3,45.43592623814992,0.8867692519376058,14.478401050668417,0
SYN-0519,4,1,3,87.30385514975389,1.0579412054399708,19.545397589051372,1
SYN-0520,2,0,2,71.65584458661546,2.608737875791016,16.029683711333156,0
SYN-0521,2,0,2,77.44298781044975,2.263588368822698,11.858733149729364,0
SYN-0522,3,0,3,87.70961368678218,9.789607031668986,11.490746216194788,1
SYN-0523,3,1,2,74.84461755426503,0.399078430580872,13.755984112578465,1
SYN-0524,4,2,2,75.09585789062136,0.12293677172784434,15.128010500067422,1
SYN-0525,2,1,1,77.54117211236222,11.325075007210891,4.02691671867969,1
SYN-0526,2,0,2,90.5214772264572,1.3225318240263813,9.325035886027495,0
SYN-0527,4,1,3,101.43765252713739,0.4717160599164801,20.377769566996786,1
SYN-0528,1,0,1,74.96276956923367,0.6053543652284757,19.804005752525345,0
SYN-0529,6,1,5,97.1427237777791,1.4418914294526213,8.10305088441836,1
SYN-0530,1,0,1,84.90894635682477,0.048475276018500726,10.367175270845719,0
SYN-0531,3,0,3,82.78893704942654,1.0463549367425338,22.482272481722006,0
SYN-0532,3,2,1,84.04313514369925,1.8173656084406764,14.739241209958957,1
SYN-0533,5,1,4,60.559718504699724,0.7317642558294747,11.00313753164431,1
SYN-0534,4,0,4,71.06880624866339,0.4815834329438416,8.825969499183618,0
SYN-0535,3,1,2,86.02569000541024,5.398763929908591,16.416483558354074,1
SYN-0536,0,0,0,68.38967813928976,1.6629372609793338,17.997676130711646,0
SYN-0537,7,1,6,65.8504619625783,0.49859279934088235,15.803565500850059,1
SYN-0538,3,0,3,81.87694619205206,0.7496720825838912,17.143248037187234,0
SYN-0539,5,2,3,81.40177564384541,6.7416647177531575,18.217648448877647,1
SYN-0540,2,1,1,49.407108227784036,1.404198024502916,15.405919601408806,0
SYN-0541,4,1,3,57.50057562636265,3.059287886733093,11.44689213721141,1
SYN-0542,5,3,2,47.377182184691065,0.12893054583317326,9.372086099430831,1
SYN-0543,2,0,2,73.87991721783082,0.7204089521494758,14.850959103430641,0
SYN-0544,6,1,5,103.31025694874671,1.4290293308268887,14.035312553069579,1
SYN-0545,1,1,0,68.06651223822716,2.1712760713197885,15.362616545648565,0
SYN-0546,5,2,3,82.68289149827817,0.581546319580913,18.604878563142456,1
SYN-0547,2,1,1,87.87561245660598,0.9670602538356747,13.665128160603151,0
SYN-0548,3,1,2,107.27784875018338,1.2357022279929832,15.059101243911918,1
SYN-0549,4,2,2,55.325166886120854,4.228555575794965,19.627123423152156,1
SYN-0550,2,1,1,85.9775794857158,0.6309542864520044,19.810466981944717,0
SYN-0551,4,0,4,70.3584264547945,7.441055524137776,12.943315960338664,1
SYN-0552,2,1,1,85.18956114466107,1.4085003495115673,13.367384622510718,0
SYN-0553,3,0,3,84.93372271003045,1.0727848878708444,20.812690439672153,0
SYN-0554,4,1,3,45.16946677891298,2.789575316116947,12.85798521211554,1
SYN-0555,4,3,1,63.13227420726266,0.4569205862621254,13.362551071416373,1
SYN-0556,2,2,0,77.18228122319613,0.3674000424297356,16.718302740642564,1
SYN-0557,1,1,0,68.20088089560291,0.25371467777865797,16.96162848950895,0
SYN-0558,3,1,2,68.4026817522918,3.243039048666513,12.184830059343664,1
SYN-0559,4,2,2,74.16037692947013,1.3203227895247507,13.910884083265147,1
SYN-0560,6,2,4,48.68270289781568,3.4170724922087556,11.931451678204951,1
SYN-0561,2,0,2,58.26994761233445,0.14124544029252567,10.961187530078853,0
SYN-0562,2,0,2,83.80017190008094,4.714061417470509,12.794547518239257,0
SYN-0563,2,2,0,67.74519309592192,0.7078323661283407,12.693215147254543,1
SYN-0564,2,0,2,56.631745779371506,0.14629362632262682,15.278530703669906,0
SYN-0565,4,3,1,78.79248700589176,0.3697937540554233,12.350344727134079,1
SYN-0566,1,0,1,67.53497191171913,0.6686650827980435,14.8483734122967,0
SYN-0567,2,1,1,77.32157226578958,0.36680397482875743,10.527744373299077,0
SYN-0568,5,2,3,66.69035874826342,1.0672215918468255,11.03100794573519,1
SYN-0569,0,0,0,64.25774215580547,0.3946956297242957,13.505084214900656,0
SYN-0570,3,0,3,69.32660454816194,2.9853956311125174,14.730004122396853,0
SYN-0571,2,0,2,74.18487692122712,3.303315633987162,17.447267212875296,0
SYN-0572,1,0,1,48.97137898425643,0.32152748652141094,19.280736788793668,0
SYN-0573,3,0,3,58.28054939765412,2.0588912594014857,9.900030744724948,0
SYN-0574,4,1,3,62.130063893997956,0.23276004659411556,15.974619390572604,1
SYN-0575,3,1,2,64.51741094522102,1.88225711294866,13.39480311906991,1
SYN-0576,2,0,2,61.957417500640155,4.834337459820498,12.943848952022396,0
SYN-0577,0,0,0,64.42213176582001,5.208990744525223,11.086153513278628,0
SYN-0578,2,1,1,85.0507414632991,1.6148424097722456,14.487258823099433,0
SYN-0579,2,2,0,53.539475215434,2.852763737786412,8.092300289872394,1
SYN-0580,5,1,4,47.009491601651035,2.7244150819374386,13.214877394448253,1
SYN-0581,5,1,4,72.14573154818429,2.8724368681677785,17.398447954064853,1
SYN-0582,4,2,2,72.39471654111854,2.706704228487857,16.285633550875122,1
SYN-0583,3,1,2,61.68493049030003,2.764311082609331,21.75995356590534,1
SYN-0584,2,1,1,48.77099212113718,0.6903714639934428,14.874136169643783,0
SYN-0585,6,2,4,70.89651756059924,2.4570700821866014,17.798091671844034,1
SYN-0586,2,0,2,84.40457194422206,1.599952923035993,15.849934496267416,0
SYN-0587,3,1,2,70.90128991922745,0.8360101498043558,15.553248021693799,1
SYN-0588,1,1,0,64.75841009174566,3.3828733539966342,10.909725004975037,0
SYN-0589,4,2,2,71.45455265141274,3.761806159250693,13.42284822945304,1
SYN-0590,2,1,1,102.76145100070684,0.43752374719074555,16.282028833418064,0
SYN-0591,1,0,1,86.75250663294932,2.198789874467311,14.745664678976185,0
SYN-0592,5,0,5,60.87660238832861,0.7212945844751538,15.452462510978094,1
SYN-0593,3,1,2,75.21342420705328,2.6011960399530594,14.346790797657587,1
SYN-0594,5,2,3,117.28085101768127,0.8142605688443645,9.506023867041609,1
SYN-0595,3,0,3,98.8516869223743,1.1514993715268136,10.901540119925672,0
SYN-0596,4,1,3,87.74840760569269,0.07480765183071454,10.564749088317244,1
SYN-0597,3,1,2,68.40820726646002,0.17854356173053743,20.818604023712542,1
SYN-0598,4,1,3,62.67589236322683,0.4337223325187647,16.533307304284953,1
SYN-0599,2,1,1,87.6631708715438,0.6087299264319618,13.149685488045728,0
SYN-0600,1,0,1,95.26869619025348,0.8082121405602336,21.3755947680078,0
SYN-0601,1,0,1,73.2612486353007,6.778990108439182,12.693506043657731,0
SYN-0602,6,2,4,57.859287683758694,0.7655674089779979,17.826812745542632,1
SYN-0603,2,2,0,83.90300328627937,0.5746820725007556,22.81691587718256,1
SYN-0604,4,0,4,68.43485810519662,1.8487116454215786,15.573228200021294,0
SYN-0605,3,0,3,91.93293908076456,1.043154891253761,15.794543058058109,0
SYN-0606,4,1,3,81.4554657377207,0.7161127085267454,18.509496041782224,1
SYN-0607,3,1,2,68.60525812615748,1.2643186408469937,13.016484976998264,1
SYN-0608,2,0,2,79.50491537161088,1.1085300650392804,11.207201301555802,0
SYN-0609,1,0,1,89.66751246703936,4.329805034313114,13.10272411648758,0
SYN-0610,1,1,0,87.09333304038203,0.2870379876437126,12.450552141788755,0
SYN-0611,6,1,5,85.26529619104538,5.30154896401161,17.081001791884265,1
SYN-0612,3,1,2,55.29388885302943,8.142844149357277,9.642600013658003,1
SYN-0613,7,4,3,59.85638187636364,2.822750417803184,9.622540809799426,1
SYN-0614,4,0,4,66.35951878262077,0.3678938792889803,6.439959315268228,0
SYN-0615,2,1,1,95.26522774187471,1.087161460271869,18.00008686037129,0
SYN-0616,3,1,2,65.77296428969915,0.9185234054202026,14.393993392098723,1
SYN-0617,8,2,6,75.82563593845252,2.3891426361759636,13.620703074876511,1
SYN-0618,2,0,2,37.01960781656253,4.2033645648792355,19.278542648974874,0
SYN-0619,3,2,1,42.070747976889294,1.2675194643548529,14.449284661879249,1
SYN-0620,3,0,3,67.70783324398961,0.5161989130096801,20.032989612740007,0
SYN-0621,3,3,0,50.06222299982676,4.4353869384035365,13.755246248883914,1
SYN-0622,3,0,3,55.417714026960084,0.40742070251068796,17.929277931021772,0
SYN-0623,0,0,0,62.81862142717467,1.26117353907741,15.437903190188502,0
SYN-0624,2,1,1,67.60125965746839,1.5337703264500329,17.74601646692195,0
SYN-0625,4,1,3,30.0,0.6533845183763852,16.284717624876833,1
SYN-0626,3,0,3,71.6580297621091,0.17236269701234794,11.494738895267972,0
SYN-0627,2,0,2,61.28847839874309,0.7225704925510391,12.967677160543797,0
SYN-0628,5,2,3,65.19306175360535,0.5958204004436515,14.09905415238321,1
SYN-0629,5,2,3,52.3596980162086,7.584622611356139,12.658400318484686,1
SYN-0630,4,2,2,74.14872258386573,1.890109229971081,14.0342243232974,1
SYN-0631,2,0,2,57.23255289625441,3.044501506136853,6.359152284854121,0
SYN-0632,5,1,4,44.244070773369266,0.018257147777313115,14.1293209311823,1
SYN-0633,6,2,4,73.50772038684397,2.5317969727081224,18.141773665667777,1
SYN-0634,1,0,1,84.96448115380366,0.5594153780048572,12.852823057046923,0
SYN-0635,6,1,5,99.26277703551895,0.6389634359131852,15.08442813958813,1
SYN-0636,1,0,1,46.398253598466724,0.7585225404775371,9.11569014364773,0
SYN-0637,2,0,2,68.9781486224807,1.1765395598567936,15.455882523410953,0
SYN-0638,5,0,5,63.13550125993577,1.8133871126365364,14.742754321674955,1
SYN-0639,3,2,1,47.73915002613497,0.2872284392387655,13.166127157838368,1
SYN-0640,2,0,2,82.21637347924886,0.2685341661563596,22.742846658456617,0
SYN-0641,2,0,2,55.38817230675448,0.9135553728463964,16.813711667149235,0
SYN-0642,5,1,4,70.6653819627341,3.0077060345126205,7.017170268561392,1
SYN-0643,5,2,3,69.70189546947533,0.799103063543024,13.570940936756234,1
SYN-0644,4,1,3,83.97901813474465,8.74311878572798,18.386609075064385,1
SYN-0645,4,2,2,45.08374876649241,1.2865624824775455,16.01300825899802,1
SYN-0646,5,0,5,69.28943946183347,0.7428094609516299,7.671292946615491,1
SYN-0647,2,0,2,53.505290589261065,5.255127791907216,13.568021399344529,0
SYN-0648,4,2,2,74.61105354579533,3.595452016339211,10.701550998260956,1
SYN-0649,4,1,3,68.12530404528677,0.6924737856294044,10.780162319583443,1
SYN-0650,3,0,3,71.181665917995,1.25944729661117,18.215683645625816,0
SYN-0651,4,0,4,60.88791568569539,0.6023400283026276,12.382552029239909,0
SYN-0652,5,2,3,82.59495796646783,0.8339480860459548,8.569929840632259,1
SYN-0653,4,2,2,81.45001226400815,7.333399359021609,16.04530657664942,1
SYN-0654,3,1,2,75.28435666249429,8.089118997829152,10.512917247833691,1
SYN-0655,2,0,2,78.11362777841485,1.2299428497691083,17.50467666876493,0
SYN-0656,1,0,1,73.00689447120594,0.7469241733004863,16.435621425018528,0
SYN-0657,1,1,0,64.73725854885288,0.8778906585369609,5.126608959795675,0
SYN-0658,4,0,4,65.17023450311123,1.82102658454824,14.435214838821633,0
SYN-0659,4,2,2,61.703652746288014,1.0939451877514177,16.783455356375143,1
SYN-0660,4,0,4,66.81247952963253,0.8383020387100849,18.71579359694667,0
SYN-0661,2,1,1,62.575517794478905,0.40729138103834867,12.009710006763145,0
SYN-0662,1,1,0,89.01477266781961,0.7912440924576999,15.154912012039345,0
SYN-0663,3,1,2,87.82895234630513,2.7071442733579976,21.397448565545524,1
SYN-0664,2,0,2,75.74623235567228,3.91232656422941,10.780962613525043,0
SYN-0665,3,2,1,98.00836306468473,3.0415915453072553,18.972937321917854,1
SYN-0666,2,1,1,63.082454019480714,2.0457888954885264,17.02625869965256,1
SYN-0667,2,1,1,77.80731767161348,0.38690321349110857,10.728287961249572,0
SYN-0668,3,0,3,70.0582092502061,4.855959072712009,20.488699675479417,1
SYN-0669,2,0,2,82.85053720363834,2.8115861294477327,20.709508351221956,0
SYN-0670,4,1,3,83.02764800679257,0.5815677408175358,6.17722037071602,1
SYN-0671,3,1,2,69.26192625739947,5.827018661848841,15.956335512602971,1
SYN-0672,2,0,2,67.33123186293403,3.1751412698893997,10.348756322813948,0
SYN-0673,1,0,1,62.68441940576883,2.133185464168356,18.297332019080976,0
SYN-0674,4,0,4,84.58926464061614,1.6856031740024775,13.557857611969272,0
SYN-0675,7,1,6,67.27162122229943,3.0346229012226775,14.552762547136059,1
SYN-0676,4,1,3,75.55317834912611,0.5829448955545912,16.33725666574124,1
SYN-0677,1,1,0,90.89771886902359,0.5945286077775367,17.35739645692641,0
SYN-0678,1,0,1,54.915979364658014,3.4632514824553446,15.440656735783067,0
SYN-0679,3,0,3,81.87788965582101,14.678001133750666,11.717438279199548,1
SYN-0680,2,2,0,70.08907254122724,3.170566816286065,17.434754045862505,1
SYN-0681,3,0,3,65.72862057264972,3.385158550634382,12.004939251225473,0
SYN-0682,1,0,1,70.42118161071986,1.076259854595826,14.41691175651363,0
SYN-0683,3,0,3,80.88292559556979,1.373310310887299,14.54668748465153,0
SYN-0684,4,1,3,60.796185919558084,0.8973930927755046,14.784963762666882,1
SYN-0685,6,3,3,95.94828098025167,1.9886055255548596,8.091940548742286,1
SYN-0686,2,0,2,64.82252941825305,0.47526286452563127,15.95701814030531,0
SYN-0687,3,2,1,91.62917508702834,0.31068047004464255,11.950503037293226,1
SYN-0688,0,0,0,52.43175739934095,1.4596860192942431,23.095764154708803,0
SYN-0689,0,0,0,63.195454186124756,2.63517313432528,20.90490618254253,0
SYN-0690,3,0,3,86.44104861216098,1.0744342792842403,15.70128523332044,0
SYN-0691,4,0,4,48.02954689459084,10.872942475326886,19.259258579377125,1
SYN-0692,5,2,3,66.49731313622652,0.42716820949555095,0.5527010264823957,1
SYN-0693,3,2,1,103.23316924307147,1.5658831563490823,16.226943355343742,1
SYN-0694,1,0,1,56.343389341497655,3.010020407549385,22.42847409282409,0
SYN-0695,1,0,1,72.9647395434926,1.085746152048474,15.602767348342827,0
SYN-0696,1,1,0,51.477314294963634,1.762853192635727,17.83021887608754,0
SYN-0697,2,1,1,82.34174171251004,2.999565568841574,10.149395952324095,1
SYN-0698,3,0,3,92.06552036225656,2.3086210498873894,11.202019119329428,0
SYN-0699,2,0,2,50.92883226738887,0.014234158411969072,9.010829419879386,0
SYN-0700,3,2,1,62.74019325578682,1.9486183921737437,14.494645980605044,1
SYN-0701,4,3,1,91.10402118837627,1.3228213648260774,12.06352602166073,1
SYN-0702,5,1,4,76.1445417802599,0.6825886247989037,15.427891037067704,1
SYN-0703,1,0,1,105.82557989305658,2.0721206975215893,18.737026580784693,0
SYN-0704,0,0,0,70.56439485767528,5.384360118891466,12.90599607280014,0
SYN-0705,2,1,1,68.78623993505968,0.1499065963272196,1.3182970564877774,0
SYN-0706,4,1,3,72.02061202154206,1.89926198084261,13.52596511314035,1
SYN-0707,3,1,2,81.52500988435472,3.405542903388377,11.502406878985685,1
SYN-0708,4,1,3,56.976085576025014,1.0825149742694276,14.39125317237323,1
SYN-0709,3,0,3,61.978649937335156,1.951751636425062,15.179885822835287,0
SYN-0710,3,0,3,80.07916911721746,0.27118542938368473,15.536808288023586,0
SYN-0711,3,0,3,85.44119651432989,0.22364384749618327,17.18680770828297,0
SYN-0712,6,3,3,30.0,1.3479149307780605,10.728291625658134,1
SYN-0713,4,1,3,80.96438464564324,1.3329433756501357,11.397360690526465,1
SYN-0714,1,0,1,68.28038746740411,0.3699123431721179,15.057073086582546,0
SYN-0715,2,0,2,102.24329895599215,0.8818496394772134,21.333938308707925,0
SYN-0716,3,0,3,93.73832453968798,0.461313872942018,12.969793715418785,0
SYN-0717,1,0,1,59.869401417950684,1.659020478030511,18.62120164608677,0
SYN-0718,2,1,1,74.61018425061955,0.869363293475762,13.008990327041163,0
SYN-0719,3,0,3,57.31490343258831,0.4362627284270896,13.943604136373313,0
SYN-0720,5,2,3,83.03158750886156,0.10685167017802627,9.254654291560582,1
SYN-0721,1,1,0,78.81783832206602,1.4255820281048301,16.478955138811475,0
SYN-0722,1,0,1,90.26278496048508,1.5515876362834806,11.385283437450324,0
SYN-0723,1,0,1,80.28384619447624,2.0289236470244325,13.433405655959492,0
SYN-0724,3,2,1,61.57236850972451,1.4359479161927295,15.91744381371769,1
SYN-0725,5,0,5,83.06119966882605,0.29249519688802306,17.79525238588648,1
SYN-0726,2,0,2,49.52288984714797,1.3425793180448315,11.15787968269517,0
SYN-0727,2,0,2,72.20402947580031,0.11210240621830356,11.91147371992003,0
SYN-0728,4,0,4,83.02994563533572,0.4717428562074816,7.266621221708671,0
SYN-0729,2,1,1,59.77929647395639,0.29150089226450565,17.871304096100815,0
SYN-0730,4,2,2,62.996640745888,3.6927742861045054,11.494834311249525,1
SYN-0731,1,1,0,81.24372614961483,2.101102329474524,13.304214310655384,0
SYN-0732,2,0,2,61.458253382618345,1.3724043946869668,13.503914450440012,0
SYN-0733,1,0,1,80.06366872415313,0.3330843352588585,16.415162081111575,0
SYN-0734,2,1,1,56.477573396587665,0.9136912607908595,16.41349269178928,0
SYN-0735,2,2,0,62.226210417081965,1.7281743821001694,19.301104361748152,1
SYN-0736,3,2,1,90.26671134980073,4.032129675708737,19.170981158072827,1
SYN-0737,3,1,2,78.81087549709018,0.36493273899843465,19.65674915332436,1
SYN-0738,2,0,2,62.468257302039326,0.03649310531666825,9.971000566176155,0
SYN-0739,5,0,5,67.24196050275069,7.358656927652032,14.752933090804536,1
SYN-0740,3,0,3,49.110268633251195,5.272553852505299,19.133516660186604,1
SYN-0741,1,0,1,51.11401561103881,0.9068954435561553,17.14806627856357,0
SYN-0742,5,1,4,85.88171010235371,1.1316770469199746,14.792526604543502,1
SYN-0743,3,2,1,82.01148140109386,4.26148115312587,12.431273755209663,1
SYN-0744,1,1,0,85.50708064012936,1.169141137912172,11.245057128197889,0
SYN-0745,4,1,3,90.67704441192257,0.8981078282052648,14.463298348907784,1
SYN-0746,3,2,1,78.47263537900184,2.0866582390520376,20.54319122454326,1
SYN-0747,0,0,0,115.22067563953314,0.8907744741041437,16.50637919998358,0
SYN-0748,1,1,0,56.8381788999535,0.10829956126922825,4.381801896598441,0
SYN-0749,0,0,0,80.67115869198243,0.5571130885180214,2.451640804175362,0
SYN-0750,2,0,2,55.28344429075396,2.0726142698923598,10.67879787206317,0
SYN-0751,3,0,3,70.85676760826762,2.4739363251690256,15.139301114494545,0
SYN-0752,0,0,0,71.14913605677489,5.07082197545743,11.952945768230787,0
SYN-0753,5,1,4,67.21113278576844,1.2156482199390277,7.602420951222755,1
SYN-0754,2,1,1,77.36599065168035,0.826091132412211,17.954617917466074,0
SYN-0755,3,1,2,73.48729927629051,1.510267901010726,17.60598613257093,1
SYN-0756,0,0,0,102.77642342554168,1.6295082861616241,11.253138627986818,0
SYN-0757,3,1,2,82.42088222339964,9.343204928369175,18.28432200161122,1
SYN-0758,2,0,2,76.43767179812498,4.281633142872678,17.32655023580631,0
SYN-0759,2,1,1,51.751287937964356,1.4352427984645315,9.51387941029989,0
SYN-0760,1,0,1,65.42216731778872,0.44418045650021726,18.187647177952556,0
SYN-0761,6,0,6,63.44188829578172,0.3413456331104632,7.496873607699264,1
SYN-0762,7,3,4,96.13564127053809,0.24375220794797933,22.21795376131432,1
SYN-0763,2,0,2,84.34442503137019,6.935616293809899,23.29869322341127,1
SYN-0764,1,0,1,42.68859583296975,4.7428694555939845,11.176906067618539,0
SYN-0765,2,0,2,50.854961190601934,2.3173052688038545,10.679133124430912,0
SYN-0766,3,1,2,80.59192823663989,3.473365432829773,18.762984464100988,1
SYN-0767,5,1,4,73.7008208304791,1.3174646886482801,10.018813224837963,1
SYN-0768,1,0,1,79.67556783173495,0.9677476840426762,13.950347121897622,0
SYN-0769,4,0,4,66.13569271733509,0.5014907311418779,13.721466186799567,0
SYN-0770,2,0,2,78.82751179391792,4.93347707764039,16.667489380303163,0
SYN-0771,2,1,1,75.88951173476453,1.42050137158793,15.814342094036874,0
SYN-0772,4,0,4,79.48181420841716,0.41382029885646937,11.509009759992374,0
SYN-0773,2,1,1,85.50821582386313,1.617657063057398,12.370159570833593,0
SYN-0774,2,0,2,81.97089810028513,4.383379383436974,9.293312683719748,0
SYN-0775,3,2,1,69.41145289451885,0.1801035023252965,6.9808450315104515,1
SYN-0776,2,0,2,74.09516076241579,1.7621094298927211,5.701439849814527,0
SYN-0777,0,0,0,56.7786264074897,0.10877707641935289,19.616663760401586,0
SYN-0778,4,1,3,63.78059649142205,2.3881308493465063,10.01930416040305,1
SYN-0779,4,0,4,76.90081512169667,0.6312952556529727,14.906021408461154,0
SYN-0780,5,2,3,57.971361933250634,0.10079452945290032,4.180105834904214,1
SYN-0781,3,1,2,76.53496849685503,0.6357751250924022,16.480319993785344,1
SYN-0782,1,1,0,85.00194003630972,1.8146302651639847,23.74897030369688,0
SYN-0783,3,0,3,80.8653176689852,0.7373565984471913,14.244625839742847,0
SYN-0784,3,0,3,57.33507326815744,0.9281096625827293,16.56949036656627,0
SYN-0785,2,0,2,114.03486853491668,3.4114642077856487,9.706687871108418,0
SYN-0786,4,1,3,75.9784609883801,1.4875016642878442,10.522269007852545,1
SYN-0787,4,1,3,81.26309169101998,1.3647985051053626,16.617724108422486,1
SYN-0788,6,0,6,63.98627209683809,0.39283653012841513,17.263060659959972,1
SYN-0789,2,0,2,63.81281482168095,1.6985908428983458,11.04521000668175,0
SYN-0790,5,2,3,86.38160175973638,0.5656497680728125,11.808378783172259,1
SYN-0791,1,1,0,49.9620639374708,1.620691987791671,16.89654623725799,0
SYN-0792,4,2,2,79.1474361649524,0.15103449325716037,5.681466871011843,1
SYN-0793,5,2,3,86.81272665471712,0.6982679540868602,11.902869028360485,1
SYN-0794,3,1,2,100.20548375997036,4.6717382687833995,16.249001132678877,1
SYN-0795,1,1,0,74.26084855794805,1.0726533136680023,15.03029988355678,0
SYN-0796,1,0,1,84.60769385889729,0.15706305322214473,11.01260696403166,0
SYN-0797,3,0,3,67.29728752940696,0.5061814198461073,19.48589912856369,0
SYN-0798,3,2,1,72.62762423963504,3.958741036954072,10.13889464160177,1
SYN-0799,3,3,0,45.85718525378531,1.6323441878671452,11.210763397203891,1
SYN-0800,1,0,1,88.38205817971703,1.6987375394212434,13.266360050831828,0
SYN-0801,3,0,3,83.67747667770055,4.723753008885531,11.324495862227948,1
SYN-0802,4,2,2,54.19246756953481,1.123645845027401,15.711257580611612,1
SYN-0803,4,1,3,79.30223170623196,0.7594070776789464,23.671749570049954,1
SYN-0804,8,2,6,42.89437907602276,6.519991678336318,12.900618797320831,1
SYN-0805,1,0,1,67.14638733380177,1.1356772692103285,8.010213325577006,0
SYN-0806,4,2,2,68.32763819312332,0.28055076700021864,19.767221316063633,1
SYN-0807,5,4,1,62.13460066477625,0.4804204181854551,16.15526771272449,1
SYN-0808,3,1,2,64.00026958256635,1.9305491798472265,9.879430939108683,1
SYN-0809,3,0,3,64.67325151835337,1.1915015047972444,8.801449320550336,0
SYN-0810,1,0,1,86.38154441529001,0.6436920392340219,8.094145433512793,0
SYN-0811,2,1,1,41.60856733614922,0.9979228203562553,15.24596343519116,0
SYN-0812,4,1,3,83.63218617024954,1.1407201220533953,12.368114087594988,1
SYN-0813,1,1,0,83.17273622455457,0.4610598036377814,10.918695739129397,0
SYN-0814,4,1,3,70.50854085523507,1.2345310386549742,9.23836905730204,1
SYN-0815,6,1,5,48.14977838013877,0.44521642900491515,12.313623749769587,1
SYN-0816,0,0,0,80.31899458077142,3.8141949450557444,11.548066914917243,0
SYN-0817,3,0,3,57.240801205720786,0.9540261907634645,11.835972536868402,0
SYN-0818,4,0,4,99.98859544500253,0.08072234010443517,18.55990045800204,0
SYN-0819,4,0,4,54.455361289393444,5.89860057619457,13.186155435678781,1
SYN-0820,4,2,2,75.84013591329605,0.09620608763749794,17.304997690691295,1
SYN-0821,3,2,1,30.71271692419991,0.014243665296481415,8.837909090834838,1
SYN-0822,6,1,5,72.01249623993765,0.7080721612537175,15.7133682026429,1
SYN-0823,2,1,1,48.83117492245451,1.8410323360403855,13.452812380970636,0
SYN-0824,1,0,1,93.71907927428732,3.5196491730829784,12.373326232492321,0
SYN-0825,1,0,1,81.03011731296694,3.603095740016866,14.247632416119988,0
SYN-0826,4,0,4,66.59340988328611,5.276332507908046,13.432969783889845,1
SYN-0827,5,1,4,77.56872721716086,0.8635443226442555,16.50615345334777,1
SYN-0828,2,0,2,59.977961049525845,3.2788237797923467,10.874910001222425,0
SYN-0829,2,1,1,67.31123461964633,0.8813704445304557,13.559978005195795,0
SYN-0830,7,5,2,54.165407653021056,2.197477725735312,12.585256961731975,1
SYN-0831,3,2,1,64.5213853376523,1.5430484430145583,7.31532091002374,1
SYN-0832,4,3,1,91.76881985431919,0.04110162127073137,11.042342273589238,1
SYN-0833,3,2,1,42.40897623719906,0.2550913451177851,1.5178239082248126,1
SYN-0834,7,1,6,63.56987804678042,1.3765823138565974,14.371720936455949,1
SYN-0835,1,0,1,99.63603802108963,0.15468761258992622,9.665058520239334,0
SYN-0836,3,1,2,57.40691144348995,2.897246898309448,18.867875450725283,1
SYN-0837,3,1,2,47.19600878658022,0.17939932325354818,17.79233754974436,1
SYN-0838,3,1,2,87.40522271450462,0.0892855034706789,15.279159978224131,1
SYN-0839,2,0,2,71.70091587950034,0.606732501680529,15.835976006697164,0
SYN-0840,1,0,1,66.79187248668042,2.5483139786187294,17.881264807153126,0
SYN-0841,3,2,1,79.89297204383708,4.76029724025963,21.066047201310536,1
SYN-0842,3,1,2,67.47422616290721,0.7846239299192741,12.695950016732603,1
SYN-0843,4,1,3,79.1836002236037,1.9683859394708947,15.592379117413122,1
SYN-0844,3,1,2,73.07002656835091,2.5456423680009466,13.555946151472956,1
SYN-0845,3,1,2,65.20764894140997,3.4605038077131005,16.171493392414682,1
SYN-0846,3,1,2,96.58910002471312,2.4033703203293104,9.112771627346142,1
SYN-0847,1,1,0,44.77407197006749,0.553522530882859,12.817990841867664,0
SYN-0848,4,1,3,70.11044022135351,0.5321667289950548,8.085812252004803,1
SYN-0849,5,1,4,107.4612268962978,1.6414635835073297,14.184025546945364,1
SYN-0850,2,1,1,53.73634369582436,2.9062115267649005,14.490928646553092,1
SYN-0851,3,1,2,61.35097334885543,1.0438962565387562,11.048165774699935,1
SYN-0852,3,0,3,52.28069789990761,1.8917257979869906,14.122145979981402,0
SYN-0853,6,1,5,68.42548438654563,0.018707804843896586,16.451162966333158,1
SYN-0854,1,0,1,64.85191109735443,1.8995417830223356,5.656830244379984,0
SYN-0855,5,2,3,82.85106132205688,0.3556298247218544,15.592192866037049,1
SYN-0856,5,2,3,63.49189805531216,0.5922145980635876,20.888620391232777,1
SYN-0857,2,1,1,65.19849285474875,0.8769947796670987,4.379721800359162,0
SYN-0858,3,1,2,64.3134737747688,0.19866045727093024,16.864182996161976,1
SYN-0859,3,0,3,51.31386324649495,1.4026413041098549,16.090040280842047,0
SYN-0860,5,0,5,51.328496887462265,7.657705482353236,13.894065486844685,1
SYN-0861,2,1,1,67.06322093547128,0.6423537111370391,9.830913647811006,0
SYN-0862,1,1,0,62.219999205681845,3.1145512109272655,17.412806180206218,0
SYN-0863,0,0,0,41.42596333873171,0.9006630800591161,15.030132612515938,0
SYN-0864,2,1,1,79.39652008680916,0.5647251331070885,13.680366189349801,0
SYN-0865,3,0,3,80.46380455508799,0.41931651678138643,10.655633319121494,0
SYN-0866,5,1,4,76.85986421630149,5.7662819444142945,22.39288589818699,1
SYN-0867,4,1,3,97.76581265274649,5.648269332823984,12.953196024736654,1
SYN-0868,1,0,1,51.15029124056427,2.858108182642977,14.674053609333717,0
SYN-0869,6,3,3,35.4368209608405,1.3594650930018293,12.555963106989722,1
SYN-0870,4,0,4,55.812050381555125,0.16393407894915946,15.039831974574764,0
SYN-0871,3,1,2,97.51303053784412,0.7873249105458251,16.393592030481674,1
SYN-0872,2,0,2,68.36464870054805,3.3241919650646334,14.137501236105841,0
SYN-0873,2,0,2,74.70460551111731,0.5751020864380112,16.66413829355944,0
SYN-0874,1,0,1,44.227937644359464,0.48877083124979975,9.188787221418668,0
SYN-0875,4,1,3,80.81495429358453,1.3281696405156367,11.819255021094712,1
SYN-0876,2,0,2,56.64434412609883,2.3428521781591547,16.5104448503698,0
SYN-0877,3,0,3,86.23530809743463,2.19193797933938,8.966340677740316,0
SYN-0878,2,0,2,60.14297556582913,0.655901308724793,11.209124384407021,0
SYN-0879,2,0,2,49.60046214821238,2.4616456339871884,18.911199951406743,0
SYN-0880,3,1,2,45.22585604922574,1.8527073767231792,12.211202427720066,1
SYN-0881,4,1,3,36.009218587760756,4.9025071828671605,12.596887177593784,1
SYN-0882,3,1,2,46.432714733231755,3.406444459075318,18.326056345198964,1
SYN-0883,0,0,0,32.53229320649079,1.3749954604677666,15.251985218139314,0
SYN-0884,1,1,0,40.1527672180128,0.29756985565994726,11.30048601427953,0
SYN-0885,4,3,1,88.8642858453904,0.23162074726462062,15.624224489712324,1
SYN-0886,4,0,4,64.0223962317623,2.209783452968246,15.944684965863496,1
SYN-0887,3,1,2,68.26455275626499,0.7918478414539465,16.430262508485505,1
SYN-0888,4,0,4,87.71484857958508,0.6716290643713478,15.613098252148687,0
SYN-0889,2,0,2,113.37554484935151,2.6084347596698922,15.11343266578145,0
SYN-0890,4,1,3,70.01664917030939,3.670704980823026,7.822264607007023,1
SYN-0891,4,0,4,72.01492150401813,9.059510200782091,11.406798690622463,1
SYN-0892,1,1,0,80.54597720111653,2.4343637696472067,11.889259222332162,0
SYN-0893,5,1,4,118.60208722955211,3.32782883320009,17.5808209400745,1
SYN-0894,3,1,2,68.36968425120021,1.5630825561171362,12.486893821690366,1
SYN-0895,2,0,2,94.79964455767796,4.969247844172475,16.49234939155638,0
SYN-0896,3,0,3,99.87055627625357,1.0806746289457896,15.571654042192865,0
SYN-0897,2,0,2,77.47907227730845,4.503061407521523,17.014942548713794,0
SYN-0898,2,0,2,55.02539837063418,1.7360896801554673,16.075172069806886,0
SYN-0899,3,1,2,53.28877962650368,0.7513720312460566,11.47627666504884,1
SYN-0900,3,1,2,87.10101769742741,7.096143031740013,10.65163946553984,1
SYN-0901,3,1,2,102.67843260987493,4.4088744786067116,14.777333853352934,1
SYN-0902,5,4,1,65.23358658973906,0.7908966057052004,14.466314048049854,1
SYN-0903,1,0,1,40.51666162785242,1.1535698026293217,11.65153891751941,0
SYN-0904,1,0,1,48.597601348279866,0.7701177562099787,14.277348646861391,0
SYN-0905,1,0,1,82.30348597458976,2.519854546228118,17.269224814953304,0
SYN-0906,3,1,2,70.02965267133716,0.8848184141235338,20.131493422545248,1
SYN-0907,4,2,2,84.93840123383868,1.5007565939255985,14.638432989603325,1
SYN-0908,4,0,4,70.73992248692265,1.9085201324053063,16.889787940883917,0
SYN-0909,1,1,0,57.464664924699456,0.7312562233363529,18.388880766425753,0
SYN-0910,3,1,2,72.77455862609735,1.070338453796873,15.811025408306778,1
SYN-0911,4,1,3,63.33350060615625,0.06309872882548137,13.429383207643184,1
SYN-0912,4,1,3,65.34413512933652,0.15025844917328932,7.808793774763875,1
SYN-0913,5,3,2,67.55944447646363,5.426494549035046,10.515227879969476,1
SYN-0914,2,0,2,80.59346462150604,0.4680346975879571,14.911964654836243,0
SYN-0915,2,0,2,56.569684395112,1.2449711705387108,18.251414772132865,0
SYN-0916,3,1,2,77.20880137641569,0.27436311632781535,10.508044132442588,1
SYN-0917,3,2,1,68.28291442301706,1.9030377658827897,14.591023629600514,1
SYN-0918,1,1,0,87.57715214910768,0.6640785716197561,19.992390533951138,0
SYN-0919,1,1,0,98.02904828744504,0.5725488600824336,14.139230161999329,0
SYN-0920,2,0,2,70.42695172628733,1.4605284090849693,14.086917963958891,0
SYN-0921,1,1,0,37.913288133537236,5.159800439283318,13.416250255546794,1
SYN-0922,0,0,0,47.83581389620833,1.120337891523752,15.030403429592518,0
SYN-0923,2,2,0,62.66511565632287,0.6116199780055868,11.537050167163175,1
SYN-0924,0,0,0,80.86887668084684,0.5939900729421788,15.793941816785761,0
SYN-0925,0,0,0,47.76378788411691,1.4511171145771375,12.496257120345682,0
SYN-0926,4,1,3,93.69156837542289,1.2016428832493211,11.55296144198166,1
SYN-0927,4,0,4,49.853120985331884,4.1840080937289486,12.417598507017171,1
SYN-0928,2,1,1,84.46233826257968,1.6801374788211565,12.778221190233271,0
SYN-0929,1,0,1,76.2520236172467,3.569517507789542,18.668483152013188,0
SYN-0930,2,0,2,84.7207598841255,0.7012517945074951,16.67766476474754,0
SYN-0931,3,0,3,47.86882898358965,7.234585020164643,18.090051174784065,1
SYN-0932,2,0,2,104.37866900228029,2.1213497372983627,21.469848016645404,0
SYN-0933,2,0,2,102.396088909915,4.37525904099726,6.554062197778046,0
SYN-0934,2,0,2,56.596074794213195,0.3262040767632895,7.434479537591613,0
SYN-0935,6,1,5,72.8951228549807,0.49986747545906507,17.858407029214774,1
SYN-0936,2,2,0,74.36804132707049,1.00431102531573,12.545706820339884,1
SYN-0937,4,0,4,81.87481309140288,0.2585435686939775,9.524935348744613,0
SYN-0938,1,0,1,57.208567521495326,0.16586808642316286,16.249694920524714,0
SYN-0939,5,2,3,77.57816536128536,0.8225701279942723,19.625481620065976,1
SYN-0940,1,0,1,42.94894398659109,1.2900823776457093,18.372491903527827,0
SYN-0941,3,1,2,75.15801719721905,2.610317494918016,10.046422246132508,1
SYN-0942,3,1,2,100.52513664002184,3.562516709797054,15.4328265354815,1
SYN-0943,1,1,0,58.383075341135346,1.2639583053937964,12.454782006088374,0
SYN-0944,1,0,1,68.83340949603375,4.509496081330378,12.175580601000936,0
SYN-0945,4,0,4,71.70184060084829,2.6313383481697934,14.743350515611013,1
SYN-0946,2,1,1,65.2207563665914,3.046537181024495,8.175551614084128,1
SYN-0947,5,1,4,59.15672198385753,0.6380967717986442,12.602818127179116,1
SYN-0948,3,1,2,60.7545185622649,5.116824072323614,15.14222355816159,1
SYN-0949,3,1,2,101.10668024204925,0.5000991366102222,10.854783787446685,1
SYN-0950,6,3,3,64.18186327206296,0.5229489996803647,19.224288815486517,1
SYN-0951,3,2,1,89.77295600851038,0.5637488034635579,8.567300314089625,1
SYN-0952,2,0,2,63.97043541914556,7.227198873484936,17.718960899244628,1
SYN-0953,2,1,1,56.11165144163275,2.458737257907183,13.545333243674259,1
SYN-0954,0,0,0,84.60048928728422,1.0137833628572155,16.495583772306308,0
SYN-0955,2,1,1,49.693679879353624,5.938339636146342,16.937906980004872,1
SYN-0956,2,0,2,61.005045184615014,1.691033596750769,6.143871368116361,0
SYN-0957,5,2,3,42.8773311620476,1.3312879380415201,18.730377436279557,1
SYN-0958,1,0,1,74.71676233435986,2.1619026892733317,11.289630280886193,0
SYN-0959,2,1,1,67.42489519112824,1.7631171280628453,18.393939504207275,0
SYN-0960,3,0,3,100.86716765646644,3.3881172281456817,8.246355332821764,0
SYN-0961,2,1,1,50.99654930610109,1.3657144350594823,15.75467185023304,0
SYN-0962,6,1,5,56.457866095558,0.37678386211819437,17.237058792967943,1
SYN-0963,3,1,2,64.5148437620422,3.0135090952069636,16.017082992153536,1
SYN-0964,4,1,3,70.67227295650251,0.6790162899996898,16.133094411134373,1
SYN-0965,3,2,1,66.50354618444275,0.5813807426447019,16.192505314909162,1
SYN-0966,2,2,0,61.7411939949894,2.4896448845548864,16.038756924898625,1
SYN-0967,4,1,3,35.10457660391204,0.9025651300129264,12.566177972652756,1
SYN-0968,1,0,1,77.7600594202546,3.244648655065939,12.001546705514091,0
SYN-0969,3,0,3,63.40450073596287,5.501672356578116,11.61830718849583,1
SYN-0970,4,0,4,47.402121129413274,2.262088898568182,9.982837746022987,1
SYN-0971,2,0,2,79.85801651944081,0.947226626938181,13.442925173329657,0
SYN-0972,2,0,2,57.254186177834555,0.38234630894217964,12.068064295708638,0
SYN-0973,1,0,1,71.94052010055728,1.654867372259187,4.477043577906011,0
SYN-0974,4,0,4,65.73564834169993,1.602879049271785,17.013617483516743,0
SYN-0975,1,0,1,48.50014107428973,1.2024821019403593,14.48530913098251,0
SYN-0976,2,1,1,84.36990912220028,1.983740380296158,16.65418247399374,0
SYN-0977,3,1,2,88.40910733121893,0.4870390072523919,9.15935798807646,1
SYN-0978,5,2,3,85.98064408389405,0.5802092141992129,12.967817937555354,1
SYN-0979,3,0,3,51.65169654907105,1.8908977202963462,19.698510928308973,0
SYN-0980,2,0,2,78.85007141656706,2.7111502056826304,0.16156439072573647,0
SYN-0981,3,0,3,83.43288306125461,3.758517508370036,7.038528697542059,0
SYN-0982,1,0,1,77.51756896733002,2.3631806247620606,14.044380881278318,0
SYN-0983,1,1,0,75.5760404201807,2.0680278678089294,18.313722976794843,0
SYN-0984,0,0,0,59.714876236148044,2.4666434009617566,17.281193498035858,0
SYN-0985,1,0,1,62.25078701859838,1.0841149231384841,9.906987106497663,0
SYN-0986,3,1,2,46.30845551923602,4.03392592398881,10.728432631445978,1
SYN-0987,3,1,2,65.79246919882574,0.13441918697881744,8.388535371168581,1
SYN-0988,4,2,2,88.26890712961773,1.130581573396564,15.919987977340151,1
SYN-0989,6,2,4,68.00495254104905,6.888575325455572,8.716430869975355,1
SYN-0990,2,0,2,85.63812388138764,0.10105802270044377,15.852648391515284,0
SYN-0991,3,0,3,60.22134946921545,0.3452244707543529,14.179492942638808,0
SYN-0992,2,0,2,93.91266934306017,1.1859971828494513,14.414152615796702,0
SYN-0993,3,1,2,92.04676388181244,1.7385144088872106,11.510919108424016,1
SYN-0994,2,1,1,77.82536889371474,0.374292197129334,3.297261403855053,0
SYN-0995,5,2,3,73.0662155725212,0.18781223319527515,10.839319476566068,1
SYN-0996,8,4,4,86.3430487461496,1.2120416411985293,23.461631087999894,1
SYN-0997,1,0,1,34.323525101900074,1.190173311041222,14.770606130592098,0
SYN-0998,3,0,3,75.60300525117653,2.860114736060043,19.8217379356613,0
SYN-0999,2,0,2,59.40807081720842,8.517274656679415,12.593852495005581,1
